Model,Accuracy Mean,Accuracy Std,Precision Mean,Recall Mean,F1 Mean,ROC AUC Mean
Logistic Regression,0.64866171271914,0.02440762675107607,0.669080611273886,0.8010307153164297,0.7288709150354249,0.6736826087483742
Random Forest,0.6366928793016378,0.01669591217866701,0.6714517066903433,0.7543805400948258,0.7100856110279029,0.6536338777935417
XGBoost,0.6366712358415698,0.019884732541976362,0.6789294014594415,0.7300762729334158,0.7032932049368221,0.6443276256484147
